"Latest: Time (s)","Latest: Sound Pressure 1","Latest: Offset Pressure 1","Latest: Sound Pressure 2","Latest: Offset Pressure 2"
0,2.43598937988,-0.0457176033195,2.54318237305,0.0646085481901
0.0001,2.39326477051,-0.0884422126945,2.58430480957,0.105730984714
0.0002,2.38410949707,-0.097597486132,2.58583068848,0.10725686362
0.0003,2.41920471191,-0.0625022712883,2.54165649414,0.0630826692838
0.0004,2.47261047363,-0.00909650956953,2.47909545898,0.000521634127591
0.0005,2.53517150879,0.0534645255867,2.41348266602,-0.0650911588412
0.0006,2.57484436035,0.0931373771492,2.36473083496,-0.113842989896
0.0007,2.57637023926,0.0946632560555,2.36930847168,-0.109265353177
0.0008,2.54585266113,0.0641456779305,2.4104309082,-0.0681429166537
0.0009,2.48481750488,0.00311052168047,2.4821472168,0.00357339194009
0.001,2.42988586426,-0.0518211189445,2.54776000977,0.0691861849088
0.0011,2.39479064941,-0.0869163337883,2.58583068848,0.10725686362
0.0012,2.39326477051,-0.0884422126945,2.57820129395,0.0996274690885
0.0013,2.42988586426,-0.0518211189445,2.52792358398,0.0493497591276
0.0014,2.48481750488,0.00311052168047,2.46078491211,-0.0177889127474
0.0015,2.54737854004,0.0656715568367,2.39974975586,-0.0788240689974
0.0016,2.58247375488,0.10076677168,2.36625671387,-0.11231711099
0.0017,2.57637023926,0.0946632560555,2.37838745117,-0.100186373685
0.0018,2.53517150879,0.0534645255867,2.43179321289,-0.0467806119662
0.0019,2.46650695801,-0.0152000251945,2.49893188477,0.0203580599088
0.002,2.41157531738,-0.0701316658195,2.55989074707,0.0813169222135
0.0021,2.38410949707,-0.097597486132,2.5904083252,0.111834500339
0.0022,2.3902130127,-0.091493970507,2.57514953613,0.096575711276
0.0023,2.4405670166,-0.0411399666008,2.52487182617,0.0462980013151
0.0024,2.50312805176,0.0214210685555,2.44552612305,-0.0330477018099
0.0025,2.55500793457,0.073300951368,2.38906860352,-0.0895052213412
0.0026,2.58094787598,0.0992408927742,2.36167907715,-0.116894747708
0.0027,2.57026672363,0.0885597404305,2.38296508789,-0.0956087369662
0.0028,2.51991271973,0.0382057365242,2.44247436523,-0.0360994596224
0.0029,2.45277404785,-0.0289329353508,2.52334594727,0.0447721224088
0.003,2.40089416504,-0.0808128181633,2.57514953613,0.096575711276
0.0031,2.37953186035,-0.102175122851,2.58430480957,0.105730984714
0.0032,2.39631652832,-0.085390454882,2.56294250488,0.084368680026
0.0033,2.44514465332,-0.036562329882,2.50503540039,0.0264615755338
0.0034,2.50770568848,0.0259987052742,2.4333190918,-0.0452547330599
0.0035,2.55653381348,0.0748268302742,2.3754119873,-0.103161837552
0.0036,2.5855255127,0.103818529493,2.37083435059,-0.107739474271
0.0037,2.55500793457,0.073300951368,2.39212036133,-0.0864534635287
0.0038,2.50465393066,0.0229469474617,2.45620727539,-0.0223665494662
0.0039,2.44361877441,-0.0380882087883,2.53707885742,0.0585050325651
0.004,2.39326477051,-0.0884422126945,2.58277893066,0.104205105807
0.0041,2.38410949707,-0.097597486132,2.5904083252,0.111834500339
0.0042,2.40394592285,-0.0777610603508,2.55378723145,0.0752134065885
0.0043,2.46040344238,-0.0213035408195,2.49435424805,0.0157804231901
0.0044,2.52296447754,0.0412574943367,2.42111206055,-0.0574617643099
0.0045,2.56568908691,0.0839821037117,2.3738861084,-0.104687716458
0.0046,2.58399963379,0.102292650587,2.36930847168,-0.109265353177
0.0047,2.54737854004,0.0656715568367,2.40737915039,-0.0711946744662
0.0048,2.49244689941,0.0107399162117,2.4821472168,0.00357339194009
0.0049,2.42683410645,-0.054872876757,2.54928588867,0.0707120638151
0.005,2.38563537598,-0.0960716072258,2.5919342041,0.113360379245
0.0051,2.38410949707,-0.097597486132,2.58888244629,0.110308621432
0.0052,2.4146270752,-0.067079908007,2.54318237305,0.0646085481901
0.0053,2.47566223145,-0.00604475175703,2.47909545898,0.000521634127591
0.0054,2.52601623535,0.0443092521492,2.40737915039,-0.0711946744662
0.0055,2.57179260254,0.0900856193367,2.36320495605,-0.115368868802
0.0056,2.57637023926,0.0946632560555,2.37236022949,-0.106213595365
0.0057,2.54280090332,0.061093920118,2.41806030273,-0.0605135221224
0.0058,2.48176574707,5.87638679681E-05,2.49588012695,0.0173063020963
0.0059,2.41767883301,-0.0640281501945,2.55226135254,0.0736875276823
0.006,2.38105773926,-0.100649243945,2.59346008301,0.114886258151
0.0061,2.38563537598,-0.0960716072258,2.57972717285,0.101153347995
0.0062,2.42225646973,-0.0594505134758,2.5325012207,0.0539273958463
0.0063,2.48329162598,0.00158464277422,2.46841430664,-0.0101595182162
0.0064,2.54127502441,0.0595680412117,2.39974975586,-0.0788240689974
0.0065,2.57942199707,0.097715013868,2.36930847168,-0.109265353177
0.0066,2.57484436035,0.0931373771492,2.37693786621,-0.101635958646
0.0067,2.53059387207,0.048886888868,2.43026733398,-0.0483064908724
0.0068,2.46650695801,-0.0152000251945,2.50198364258,0.0234098177213
0.0069,2.40394592285,-0.0777610603508,2.5659942627,0.0874204378385
0.007,2.38105773926,-0.100649243945,2.60414123535,0.125567410495
0.0071,2.3902130127,-0.091493970507,2.57820129395,0.0996274690885
0.0072,2.4405670166,-0.0411399666008,2.52487182617,0.0462980013151
0.0073,2.49397277832,0.012265795118,2.45315551758,-0.0254183072787
0.0074,2.55348205566,0.0717750724617,2.3860168457,-0.0925569791537
0.0075,2.5855255127,0.103818529493,2.36473083496,-0.113842989896
0.0076,2.57331848145,0.091611498243,2.38906860352,-0.0895052213412
0.0077,2.51838684082,0.036679857618,2.44857788086,-0.0299959439974
0.0078,2.45277404785,-0.0289329353508,2.52334594727,0.0447721224088
0.0079,2.39631652832,-0.085390454882,2.58125305176,0.102679226901
0.008,2.37487792969,-0.106829053515,2.60261535645,0.124041531589
0.0081,2.39631652832,-0.085390454882,2.57820129395,0.0996274690885
0.0082,2.44819641113,-0.0335105720695,2.5080871582,0.0295133333463
0.0083,2.51075744629,0.0290504630867,2.4348449707,-0.0437288541537
0.0084,2.55805969238,0.0763527091805,2.38296508789,-0.0956087369662
0.0085,2.58399963379,0.102292650587,2.35862731934,-0.119946505521
0.0086,2.56568908691,0.0839821037117,2.39517211914,-0.0834017057162
0.0087,2.50923156738,0.0275245841805,2.45468139648,-0.0238924283724
0.0088,2.44361877441,-0.0380882087883,2.52487182617,0.0462980013151
0.0089,2.39631652832,-0.085390454882,2.57820129395,0.0996274690885
0.009,2.38105773926,-0.100649243945,2.58888244629,0.110308621432
0.0091,2.40699768066,-0.0747093025383,2.55989074707,0.0813169222135
0.0092,2.45735168457,-0.024355298632,2.49588012695,0.0173063020963
0.0093,2.51686096191,0.0351539787117,2.41653442383,-0.0620394010287
0.0094,2.5611114502,0.079404466993,2.37236022949,-0.106213595365
0.0095,2.58399963379,0.102292650587,2.36625671387,-0.11231711099
0.0096,2.55500793457,0.073300951368,2.39669799805,-0.0818758268099
0.0097,2.49855041504,0.0168434318367,2.47146606445,-0.00710776040366
0.0098,2.43751525879,-0.0441917244133,2.54318237305,0.0646085481901
0.0099,2.38716125488,-0.0945457283195,2.59346008301,0.114886258151
0.01,2.38105773926,-0.100649243945,2.59956359863,0.120989773776
0.0101,2.40394592285,-0.0777610603508,2.55683898926,0.078265164401
0.0102,2.46803283691,-0.0136741462883,2.49282836914,0.0142545442838
0.0103,2.52601623535,0.0443092521492,2.41958618164,-0.0589876432162
0.0104,2.57942199707,0.097715013868,2.3738861084,-0.104687716458
0.0105,2.5870513916,0.105344408399,2.36778259277,-0.110791232083
0.0106,2.55043029785,0.0687233146492,2.41195678711,-0.0666170377474
0.0107,2.48329162598,0.00158464277422,2.48977661133,0.0112027864713
0.0108,2.42073059082,-0.060976392382,2.55836486816,0.0797910433073
0.0109,2.38410949707,-0.097597486132,2.59803771973,0.11946389487
0.011,2.38563537598,-0.0960716072258,2.58888244629,0.110308621432
0.0111,2.42225646973,-0.0594505134758,2.54623413086,0.0676603060026
0.0112,2.47566223145,-0.00604475175703,2.47604370117,-0.00253012368491
0.0113,2.53974914551,0.0580421623055,2.4089050293,-0.0696687955599
0.0114,2.58247375488,0.10076677168,2.36473083496,-0.113842989896
0.0115,2.57637023926,0.0946632560555,2.37083435059,-0.107739474271
0.0116,2.5366973877,0.054990404493,2.42263793945,-0.0559358854037
0.0117,2.47413635254,-0.00757063066328,2.49282836914,0.0142545442838
0.0118,2.4146270752,-0.067079908007,2.5659942627,0.0874204378385
0.0119,2.37800598145,-0.103701001757,2.59651184082,0.117938015964
0.012,2.38410949707,-0.097597486132,2.58888244629,0.110308621432
0.0121,2.41767883301,-0.0640281501945,2.53707885742,0.0585050325651
0.0122,2.48329162598,0.00158464277422,2.46994018555,-0.00863363930991
0.0123,2.55043029785,0.0687233146492,2.39822387695,-0.0803499479037
0.0124,2.58247375488,0.10076677168,2.36167907715,-0.116894747708
0.0125,2.57484436035,0.0931373771492,2.37693786621,-0.101635958646
0.0126,2.52449035645,0.042783373243,2.44552612305,-0.0330477018099
0.0127,2.4634552002,-0.018251783007,2.51724243164,0.0386686067838
0.0128,2.39631652832,-0.085390454882,2.58125305176,0.102679226901
0.0129,2.37800598145,-0.103701001757,2.60719299316,0.128619168307
0.013,2.3902130127,-0.091493970507,2.58735656738,0.108782742526
0.0131,2.43751525879,-0.0441917244133,2.52334594727,0.0447721224088
0.0132,2.49855041504,0.0168434318367,2.44857788086,-0.0299959439974
0.0133,2.55653381348,0.0748268302742,2.39059448242,-0.0879793424349
0.0134,2.58247375488,0.10076677168,2.36625671387,-0.11231711099
0.0135,2.56416320801,0.0824562248055,2.39364624023,-0.0849275846224
0.0136,2.51838684082,0.036679857618,2.45162963867,-0.0269441861849
0.0137,2.45124816895,-0.030458814257,2.52944946289,0.0508756380338
0.0138,2.39479064941,-0.0869163337883,2.58888244629,0.110308621432
0.0139,2.37800598145,-0.103701001757,2.59956359863,0.120989773776
0.014,2.39479064941,-0.0869163337883,2.57209777832,0.0935239534635
0.0141,2.44667053223,-0.0350364509758,2.50503540039,0.0264615755338
0.0142,2.50770568848,0.0259987052742,2.4348449707,-0.0437288541537
0.0143,2.5626373291,0.0809303458992,2.37838745117,-0.100186373685
0.0144,2.58094787598,0.0992408927742,2.36320495605,-0.115368868802
0.0145,2.55805969238,0.0763527091805,2.39517211914,-0.0834017057162
0.0146,2.50160217285,0.0198951896492,2.46536254883,-0.0132112760287
0.0147,2.44209289551,-0.0396140876945,2.53402709961,0.0554532747526
0.0148,2.39479064941,-0.0869163337883,2.59346008301,0.114886258151
0.0149,2.37800598145,-0.103701001757,2.59651184082,0.117938015964
0.015,2.40089416504,-0.0808128181633,2.5675201416,0.0889463167448
0.0151,2.45277404785,-0.0289329353508,2.49893188477,0.0203580599088
0.0152,2.51686096191,0.0351539787117,2.42568969727,-0.0528841275912
0.0153,2.56568908691,0.0839821037117,2.37693786621,-0.101635958646
0.0154,2.58247375488,0.10076677168,2.36473083496,-0.113842989896
0.0155,2.55500793457,0.073300951368,2.40127563477,-0.0772981900912
0.0156,2.49549865723,0.0137916740242,2.4821472168,0.00357339194009
0.0157,2.42683410645,-0.054872876757,2.55226135254,0.0736875276823
0.0158,2.37800598145,-0.103701001757,2.60108947754,0.122515652682
0.0159,2.37953186035,-0.102175122851,2.60719299316,0.128619168307
0.016,2.40699768066,-0.0747093025383,2.55531311035,0.0767392854948
0.0161,2.46650695801,-0.0152000251945,2.4836730957,0.00509927084634
0.0162,2.52906799316,0.0473610099617,2.4089050293,-0.0696687955599
0.0163,2.57789611816,0.0961891349617,2.36778259277,-0.110791232083
0.0164,2.58247375488,0.10076677168,2.36930847168,-0.109265353177
0.0165,2.54890441895,0.067197435743,2.41348266602,-0.0650911588412
0.0166,2.48329162598,0.00158464277422,2.49435424805,0.0157804231901
0.0167,2.41157531738,-0.0701316658195,2.56904602051,0.090472195651
0.0168,2.37953186035,-0.102175122851,2.60108947754,0.122515652682
0.0169,2.3902130127,-0.091493970507,2.58888244629,0.110308621432
0.017,2.43293762207,-0.048769361132,2.53860473633,0.0600309114713
0.0171,2.49092102051,0.00921403730547,2.4577331543,-0.0208406705599
0.0172,2.54737854004,0.0656715568367,2.39517211914,-0.0834017057162
0.0173,2.58247375488,0.10076677168,2.35710144043,-0.121472384427
0.0174,2.57942199707,0.097715013868,2.36930847168,-0.109265353177
0.0175,2.5366973877,0.054990404493,2.42263793945,-0.0559358854037
0.0176,2.46955871582,-0.012148267382,2.50503540039,0.0264615755338
0.0177,2.40852355957,-0.073183423632,2.57514953613,0.096575711276
0.0178,2.37335205078,-0.108354932421,2.60108947754,0.122515652682
0.0179,2.38716125488,-0.0945457283195,2.57667541504,0.0981015901823
0.018,2.43293762207,-0.048769361132,2.51876831055,0.0401944856901
0.0181,2.50007629395,0.018369310743,2.45468139648,-0.0238924283724
0.0182,2.54890441895,0.067197435743,2.38906860352,-0.0895052213412
0.0183,2.5870513916,0.105344408399,2.35557556152,-0.122998263333
0.0184,2.56874084473,0.0870338615242,2.37838745117,-0.100186373685
0.0185,2.52449035645,0.042783373243,2.44857788086,-0.0299959439974
0.0186,2.45429992676,-0.0274070564445,2.52182006836,0.0432462435026
0.0187,2.40547180176,-0.0762351814445,2.58125305176,0.102679226901
0.0188,2.37800598145,-0.103701001757,2.60261535645,0.124041531589
0.0189,2.3917388916,-0.0899680916008,2.57667541504,0.0981015901823
0.019,2.4390411377,-0.042665845507,2.51571655273,0.0371427278776
0.0191,2.50770568848,0.0259987052742,2.44094848633,-0.0376253385287
0.0192,2.56416320801,0.0824562248055,2.37693786621,-0.101635958646
0.0193,2.58857727051,0.106870287305,2.36167907715,-0.116894747708
0.0194,2.56568908691,0.0839821037117,2.3844909668,-0.0940828580599
0.0195,2.5122833252,0.030576341993,2.45010375977,-0.0284700650912
0.0196,2.44667053223,-0.0350364509758,2.52639770508,0.0478238802213
0.0197,2.39326477051,-0.0884422126945,2.58888244629,0.110308621432
0.0198,2.37648010254,-0.105226880663,2.60108947754,0.122515652682
0.0199,2.39936828613,-0.0823386970695,2.57057189941,0.0919980745573
0.02,2.45124816895,-0.030458814257,2.49588012695,0.0173063020963
0.0201,2.51075744629,0.0290504630867,2.41806030273,-0.0605135221224
0.0202,2.57331848145,0.091611498243,2.36778259277,-0.110791232083
0.0203,2.5870513916,0.105344408399,2.35557556152,-0.122998263333
0.0204,2.56416320801,0.0824562248055,2.38754272461,-0.0910311002474
0.0205,2.50007629395,0.018369310743,2.46994018555,-0.00863363930991
0.0206,2.43293762207,-0.048769361132,2.53860473633,0.0600309114713
0.0207,2.38105773926,-0.100649243945,2.59803771973,0.11946389487
0.0208,2.36572265625,-0.115984326952,2.60414123535,0.125567410495
0.0209,2.40242004395,-0.079286939257,2.56294250488,0.084368680026
0.021,2.46040344238,-0.0213035408195,2.48519897461,0.00662514975259
0.0211,2.53517150879,0.0534645255867,2.41653442383,-0.0620394010287
0.0212,2.57789611816,0.0961891349617,2.36473083496,-0.113842989896
0.0213,2.59468078613,0.11297380293,2.36015319824,-0.118420626615
0.0214,2.55348205566,0.0717750724617,2.41348266602,-0.0650911588412
0.0215,2.48634338379,0.00463640058672,2.48519897461,0.00662514975259
0.0216,2.42225646973,-0.0594505134758,2.56294250488,0.084368680026
0.0217,2.38105773926,-0.100649243945,2.60414123535,0.125567410495
0.0218,2.38258361816,-0.0991233650383,2.59651184082,0.117938015964
0.0219,2.4161529541,-0.0655540291008,2.55073547363,0.072161648776
0.022,2.47566223145,-0.00604475175703,2.47451782227,-0.00405600259116
0.0221,2.54127502441,0.0595680412117,2.40280151367,-0.0757723111849
0.0222,2.5870513916,0.105344408399,2.35710144043,-0.121472384427
0.0223,2.58247375488,0.10076677168,2.35862731934,-0.119946505521
0.0224,2.54585266113,0.0641456779305,2.4089050293,-0.0696687955599
0.0225,2.47566223145,-0.00604475175703,2.49588012695,0.0173063020963
0.0226,2.41157531738,-0.0701316658195,2.56141662598,0.0828428011198
0.0227,2.37953186035,-0.102175122851,2.59803771973,0.11946389487
0.0228,2.37648010254,-0.105226880663,2.58583068848,0.10725686362
0.0229,2.41920471191,-0.0625022712883,2.5325012207,0.0539273958463
0.023,2.4893951416,0.00768815839922,2.4592590332,-0.0193147916537
0.0231,2.54890441895,0.067197435743,2.3844909668,-0.0940828580599
0.0232,2.58857727051,0.106870287305,2.3509979248,-0.127575900052
0.0233,2.5855255127,0.103818529493,2.36167907715,-0.116894747708
0.0234,2.53059387207,0.048886888868,2.42874145508,-0.0498323697787
0.0235,2.45887756348,-0.0228294197258,2.5080871582,0.0295133333463
0.0236,2.40089416504,-0.0808128181633,2.57667541504,0.0981015901823
0.0237,2.36877441406,-0.11293256914,2.60108947754,0.122515652682
0.0238,2.3902130127,-0.091493970507,2.57972717285,0.101153347995
0.0239,2.43598937988,-0.0457176033195,2.52029418945,0.0417203645963
0.024,2.49855041504,0.0168434318367,2.44552612305,-0.0330477018099
0.0241,2.5611114502,0.079404466993,2.37991333008,-0.0986604947787
0.0242,2.58857727051,0.106870287305,2.35710144043,-0.121472384427
0.0243,2.57484436035,0.0931373771492,2.38143920898,-0.0971346158724
0.0244,2.51686096191,0.0351539787117,2.44705200195,-0.0315218229037
0.0245,2.45429992676,-0.0274070564445,2.52182006836,0.0432462435026
0.0246,2.39784240723,-0.0838645759758,2.57667541504,0.0981015901823
0.0247,2.37487792969,-0.106829053515,2.59803771973,0.11946389487
0.0248,2.39631652832,-0.085390454882,2.57209777832,0.0935239534635
0.0249,2.45124816895,-0.030458814257,2.50503540039,0.0264615755338
0.025,2.51686096191,0.0351539787117,2.42874145508,-0.0498323697787
0.0251,2.56874084473,0.0870338615242,2.36778259277,-0.110791232083
0.0252,2.59620666504,0.114499681837,2.35252380371,-0.126050021146
0.0253,2.57026672363,0.0885597404305,2.38754272461,-0.0910311002474
0.0254,2.51075744629,0.0290504630867,2.44705200195,-0.0315218229037
0.0255,2.43598937988,-0.0457176033195,2.5325012207,0.0539273958463
0.0256,2.39326477051,-0.0884422126945,2.58430480957,0.105730984714
0.0257,2.38258361816,-0.0991233650383,2.5919342041,0.113360379245
0.0258,2.40547180176,-0.0762351814445,2.55531311035,0.0767392854948
0.0259,2.46955871582,-0.012148267382,2.4821472168,0.00357339194009
0.026,2.52449035645,0.042783373243,2.41195678711,-0.0666170377474
0.0261,2.57484436035,0.0931373771492,2.36320495605,-0.115368868802
0.0262,2.5855255127,0.103818529493,2.35252380371,-0.126050021146
0.0263,2.56416320801,0.0824562248055,2.39974975586,-0.0788240689974
0.0264,2.49397277832,0.012265795118,2.47756958008,-0.00100424477866
0.0265,2.42988586426,-0.0518211189445,2.55683898926,0.078265164401
0.0266,2.38258361816,-0.0991233650383,2.5919342041,0.113360379245
0.0267,2.38258361816,-0.0991233650383,2.5904083252,0.111834500339
0.0268,2.41310119629,-0.0686057869133,2.54623413086,0.0676603060026
0.0269,2.47261047363,-0.00909650956953,2.47299194336,-0.00558188149741
0.027,2.54890441895,0.067197435743,2.40585327148,-0.0727205533724
0.0271,2.57789611816,0.0961891349617,2.36778259277,-0.110791232083
0.0272,2.5855255127,0.103818529493,2.36015319824,-0.118420626615
0.0273,2.54432678223,0.0626197990242,2.4104309082,-0.0681429166537
0.0274,2.47718811035,-0.00451887285078,2.48825073242,0.00967690756509
0.0275,2.41920471191,-0.0625022712883,2.55989074707,0.0813169222135
0.0276,2.38105773926,-0.100649243945,2.59346008301,0.114886258151
0.0277,2.3902130127,-0.091493970507,2.58277893066,0.104205105807
0.0278,2.42530822754,-0.0563987556633,2.53402709961,0.0554532747526
0.0279,2.48634338379,0.00463640058672,2.4592590332,-0.0193147916537
0.028,2.54737854004,0.0656715568367,2.39059448242,-0.0879793424349
0.0281,2.58094787598,0.0992408927742,2.35710144043,-0.121472384427
0.0282,2.58247375488,0.10076677168,2.37083435059,-0.107739474271
0.0283,2.5366973877,0.054990404493,2.42111206055,-0.0574617643099
0.0284,2.4634552002,-0.018251783007,2.5065612793,0.0279874544401
0.0285,2.40547180176,-0.0762351814445,2.5659942627,0.0874204378385
0.0286,2.37953186035,-0.102175122851,2.59956359863,0.120989773776
0.0287,2.39326477051,-0.0884422126945,2.57209777832,0.0935239534635
0.0288,2.43446350098,-0.0472434822258,2.51266479492,0.0340909700651
0.0289,2.49855041504,0.0168434318367,2.44094848633,-0.0376253385287
0.029,2.55043029785,0.0687233146492,2.37838745117,-0.100186373685
0.0291,2.5870513916,0.105344408399,2.3509979248,-0.127575900052
0.0292,2.57331848145,0.091611498243,2.3754119873,-0.103161837552
0.0293,2.52143859863,0.0397316154305,2.4348449707,-0.0437288541537
0.0294,2.45582580566,-0.0258811775383,2.52182006836,0.0432462435026
0.0295,2.39784240723,-0.0838645759758,2.57820129395,0.0996274690885
0.0296,2.37953186035,-0.102175122851,2.59498596191,0.116412137057
0.0297,2.39631652832,-0.085390454882,2.57057189941,0.0919980745573
0.0298,2.45429992676,-0.0274070564445,2.5065612793,0.0279874544401
0.0299,2.51991271973,0.0382057365242,2.43179321289,-0.0467806119662
0.03,2.57179260254,0.0900856193367,2.3738861084,-0.104687716458
0.0301,2.59620666504,0.114499681837,2.35710144043,-0.121472384427
0.0302,2.56721496582,0.085507982618,2.3860168457,-0.0925569791537
0.0303,2.50770568848,0.0259987052742,2.4592590332,-0.0193147916537
0.0304,2.44209289551,-0.0396140876945,2.5325012207,0.0539273958463
0.0305,2.39326477051,-0.0884422126945,2.58735656738,0.108782742526
0.0306,2.38410949707,-0.097597486132,2.59346008301,0.114886258151
0.0307,2.41004943848,-0.0716575447258,2.55073547363,0.072161648776
0.0308,2.46040344238,-0.0213035408195,2.48977661133,0.0112027864713
0.0309,2.52754211426,0.0458351310555,2.41958618164,-0.0589876432162
0.031,2.57179260254,0.0900856193367,2.36778259277,-0.110791232083
0.0311,2.58857727051,0.106870287305,2.35252380371,-0.126050021146
0.0312,2.55805969238,0.0763527091805,2.39517211914,-0.0834017057162
0.0313,2.49549865723,0.0137916740242,2.46841430664,-0.0101595182162
0.0314,2.42988586426,-0.0518211189445,2.54318237305,0.0646085481901
0.0315,2.3902130127,-0.091493970507,2.58735656738,0.108782742526
0.0316,2.38258361816,-0.0991233650383,2.58583068848,0.10725686362
0.0317,2.4146270752,-0.067079908007,2.54013061523,0.0615567903776
0.0318,2.47718811035,-0.00451887285078,2.46841430664,-0.0101595182162
0.0319,2.53974914551,0.0580421623055,2.39822387695,-0.0803499479037
0.032,2.5855255127,0.103818529493,2.35862731934,-0.119946505521
0.0321,2.59010314941,0.108396166212,2.35404968262,-0.12452414224
0.0322,2.55805969238,0.0763527091805,2.40585327148,-0.0727205533724
0.0323,2.48481750488,0.00311052168047,2.4836730957,0.00509927084634
0.0324,2.42378234863,-0.0579246345695,2.55989074707,0.0813169222135
0.0325,2.38258361816,-0.0991233650383,2.5919342041,0.113360379245
0.0326,2.38868713379,-0.0930198494133,2.58430480957,0.105730984714
0.0327,2.42835998535,-0.0533469978508,2.5309753418,0.0524015169401
0.0328,2.48634338379,0.00463640058672,2.46231079102,-0.0162630338412
0.0329,2.55043029785,0.0687233146492,2.39669799805,-0.0818758268099
0.033,2.58247375488,0.10076677168,2.35404968262,-0.12452414224
0.0331,2.58399963379,0.102292650587,2.36930847168,-0.109265353177
0.0332,2.53974914551,0.0580421623055,2.42721557617,-0.0513582486849
0.0333,2.46955871582,-0.012148267382,2.50045776367,0.0218839388151
0.0334,2.40852355957,-0.073183423632,2.5675201416,0.0889463167448
0.0335,2.37800598145,-0.103701001757,2.59498596191,0.116412137057
0.0336,2.3917388916,-0.0899680916008,2.57514953613,0.096575711276
0.0337,2.44209289551,-0.0396140876945,2.52334594727,0.0447721224088
0.0338,2.50312805176,0.0214210685555,2.44247436523,-0.0360994596224
0.0339,2.55805969238,0.0763527091805,2.3754119873,-0.103161837552
0.034,2.59162902832,0.109922045118,2.35252380371,-0.126050021146
0.0341,2.57942199707,0.097715013868,2.36930847168,-0.109265353177
0.0342,2.52754211426,0.0458351310555,2.43942260742,-0.0391512174349
0.0343,2.46040344238,-0.0213035408195,2.51571655273,0.0371427278776
0.0344,2.40089416504,-0.0808128181633,2.57362365723,0.0950498323698
0.0345,2.37800598145,-0.103701001757,2.59651184082,0.117938015964
0.0346,2.39631652832,-0.085390454882,2.5659942627,0.0874204378385
0.0347,2.44972229004,-0.0319846931633,2.50503540039,0.0264615755338
0.0348,2.5122833252,0.030576341993,2.43179321289,-0.0467806119662
0.0349,2.56721496582,0.085507982618,2.37236022949,-0.106213595365
0.035,2.59468078613,0.11297380293,2.35252380371,-0.126050021146
0.0351,2.57484436035,0.0931373771492,2.38143920898,-0.0971346158724
0.0352,2.5122833252,0.030576341993,2.45315551758,-0.0254183072787
0.0353,2.44361877441,-0.0380882087883,2.5309753418,0.0524015169401
0.0354,2.3917388916,-0.0899680916008,2.5919342041,0.113360379245
0.0355,2.38105773926,-0.100649243945,2.59498596191,0.116412137057
0.0356,2.40394592285,-0.0777610603508,2.56904602051,0.090472195651
0.0357,2.45735168457,-0.024355298632,2.49435424805,0.0157804231901
0.0358,2.52296447754,0.0412574943367,2.41958618164,-0.0589876432162
0.0359,2.57331848145,0.091611498243,2.36778259277,-0.110791232083
0.036,2.5870513916,0.105344408399,2.35252380371,-0.126050021146
0.0361,2.55958557129,0.0778785880867,2.39669799805,-0.0818758268099
0.0362,2.49855041504,0.0168434318367,2.46383666992,-0.0147371549349
0.0363,2.43141174316,-0.0502952400383,2.54013061523,0.0615567903776
0.0364,2.38716125488,-0.0945457283195,2.58888244629,0.110308621432
0.0365,2.38258361816,-0.0991233650383,2.5904083252,0.111834500339
0.0366,2.41920471191,-0.0625022712883,2.54318237305,0.0646085481901
0.0367,2.47108459473,-0.0106223884758,2.47756958008,-0.00100424477866
0.0368,2.5366973877,0.054990404493,2.40737915039,-0.0711946744662
0.0369,2.57637023926,0.0946632560555,2.35862731934,-0.119946505521
0.037,2.58399963379,0.102292650587,2.36320495605,-0.115368868802
0.0371,2.55195617676,0.0702491935555,2.40432739258,-0.0742464322787
0.0372,2.48634338379,0.00463640058672,2.47909545898,0.000521634127591
0.0373,2.42225646973,-0.0594505134758,2.54928588867,0.0707120638151
0.0374,2.38410949707,-0.097597486132,2.59803771973,0.11946389487
0.0375,2.38258361816,-0.0991233650383,2.58888244629,0.110308621432
0.0376,2.42225646973,-0.0594505134758,2.54013061523,0.0615567903776
0.0377,2.48329162598,0.00158464277422,2.46383666992,-0.0147371549349
0.0378,2.54890441895,0.067197435743,2.39822387695,-0.0803499479037
0.0379,2.5870513916,0.105344408399,2.35404968262,-0.12452414224
0.038,2.5855255127,0.103818529493,2.36930847168,-0.109265353177
0.0381,2.54127502441,0.0595680412117,2.42416381836,-0.0544100064974
0.0382,2.47108459473,-0.0106223884758,2.50198364258,0.0234098177213
0.0383,2.4146270752,-0.067079908007,2.56446838379,0.0858945589323
0.0384,2.37648010254,-0.105226880663,2.59651184082,0.117938015964
0.0385,2.3917388916,-0.0899680916008,2.57667541504,0.0981015901823
0.0386,2.43141174316,-0.0502952400383,2.52487182617,0.0462980013151
0.0387,2.4893951416,0.00768815839922,2.45315551758,-0.0254183072787
0.0388,2.55195617676,0.0702491935555,2.38296508789,-0.0956087369662
0.0389,2.59010314941,0.108396166212,2.35557556152,-0.122998263333
0.039,2.58247375488,0.10076677168,2.36625671387,-0.11231711099
0.0391,2.53364562988,0.0519386466805,2.42874145508,-0.0498323697787
0.0392,2.4649810791,-0.0167259041008,2.50350952148,0.0249356966276
0.0393,2.40394592285,-0.0777610603508,2.56904602051,0.090472195651
0.0394,2.38105773926,-0.100649243945,2.59346008301,0.114886258151
0.0395,2.39479064941,-0.0869163337883,2.57057189941,0.0919980745573
0.0396,2.44209289551,-0.0396140876945,2.51113891602,0.0325650911588
0.0397,2.50465393066,0.0229469474617,2.4348449707,-0.0437288541537
0.0398,2.55958557129,0.0778785880867,2.37991333008,-0.0986604947787
0.0399,2.59468078613,0.11297380293,2.3509979248,-0.127575900052
0.04,2.57179260254,0.0900856193367,2.37693786621,-0.101635958646
0.0401,2.52296447754,0.0412574943367,2.44094848633,-0.0376253385287
0.0402,2.45277404785,-0.0289329353508,2.51876831055,0.0401944856901
0.0403,2.40394592285,-0.0777610603508,2.58125305176,0.102679226901
0.0404,2.38410949707,-0.097597486132,2.59803771973,0.11946389487
0.0405,2.40089416504,-0.0808128181633,2.55836486816,0.0797910433073
0.0406,2.45277404785,-0.0289329353508,2.50350952148,0.0249356966276
0.0407,2.52143859863,0.0397316154305,2.42416381836,-0.0544100064974
0.0408,2.57179260254,0.0900856193367,2.36320495605,-0.115368868802
0.0409,2.58857727051,0.106870287305,2.35557556152,-0.122998263333
0.041,2.57179260254,0.0900856193367,2.39059448242,-0.0879793424349
0.0411,2.50770568848,0.0259987052742,2.46231079102,-0.0162630338412
0.0412,2.44209289551,-0.0396140876945,2.53402709961,0.0554532747526
0.0413,2.39326477051,-0.0884422126945,2.58583068848,0.10725686362
0.0414,2.38105773926,-0.100649243945,2.59346008301,0.114886258151
0.0415,2.41004943848,-0.0716575447258,2.55683898926,0.078265164401
0.0416,2.45887756348,-0.0228294197258,2.49130249023,0.0127286653776
0.0417,2.52906799316,0.0473610099617,2.41348266602,-0.0650911588412
0.0418,2.57484436035,0.0931373771492,2.36320495605,-0.115368868802
0.0419,2.5870513916,0.105344408399,2.35404968262,-0.12452414224
0.042,2.55653381348,0.0748268302742,2.39822387695,-0.0803499479037
0.0421,2.49092102051,0.00921403730547,2.46994018555,-0.00863363930991
0.0422,2.42683410645,-0.054872876757,2.54318237305,0.0646085481901
0.0423,2.38410949707,-0.097597486132,2.58888244629,0.110308621432
0.0424,2.37487792969,-0.106829053515,2.5919342041,0.113360379245
0.0425,2.41310119629,-0.0686057869133,2.55378723145,0.0752134065885
0.0426,2.46192932129,-0.0197776619133,2.4821472168,0.00357339194009
0.0427,2.5382232666,0.0565162833992,2.41653442383,-0.0620394010287
0.0428,2.58094787598,0.0992408927742,2.35557556152,-0.122998263333
0.0429,2.5870513916,0.105344408399,2.36320495605,-0.115368868802
0.043,2.54890441895,0.067197435743,2.41500854492,-0.0635652799349
0.0431,2.48023986816,-0.00146711503828,2.4821472168,0.00357339194009
0.0432,2.42073059082,-0.060976392382,2.56141662598,0.0828428011198
0.0433,2.37953186035,-0.102175122851,2.59803771973,0.11946389487
0.0434,2.37953186035,-0.102175122851,2.58888244629,0.110308621432
0.0435,2.41920471191,-0.0625022712883,2.54013061523,0.0615567903776
0.0436,2.48329162598,0.00158464277422,2.47146606445,-0.00710776040366
0.0437,2.53974914551,0.0580421623055,2.39059448242,-0.0879793424349
0.0438,2.57789611816,0.0961891349617,2.36015319824,-0.118420626615
0.0439,2.5870513916,0.105344408399,2.36473083496,-0.113842989896
0.044,2.53974914551,0.0580421623055,2.42111206055,-0.0574617643099
0.0441,2.47413635254,-0.00757063066328,2.49588012695,0.0173063020963
0.0442,2.41310119629,-0.0686057869133,2.5675201416,0.0889463167448
0.0443,2.37953186035,-0.102175122851,2.59803771973,0.11946389487
0.0444,2.38258361816,-0.0991233650383,2.58735656738,0.108782742526
0.0445,2.42835998535,-0.0533469978508,2.52792358398,0.0493497591276
0.0446,2.4893951416,0.00768815839922,2.45162963867,-0.0269441861849
0.0447,2.55653381348,0.0748268302742,2.37991333008,-0.0986604947787
0.0448,2.58399963379,0.102292650587,2.3509979248,-0.127575900052
0.0449,2.58399963379,0.102292650587,2.35862731934,-0.119946505521
0.045,2.53211975098,0.0504127677742,2.43026733398,-0.0483064908724
0.0451,2.45887756348,-0.0228294197258,2.51113891602,0.0325650911588
0.0452,2.40394592285,-0.0777610603508,2.57362365723,0.0950498323698
0.0453,2.37182617188,-0.109880811327,2.6148223877,0.136248562839
0.0454,2.38563537598,-0.0960716072258,2.57514953613,0.096575711276
0.0455,2.44209289551,-0.0396140876945,2.52029418945,0.0417203645963
0.0456,2.50312805176,0.0214210685555,2.43637084961,-0.0422029752474
0.0457,2.5626373291,0.0809303458992,2.3754119873,-0.103161837552
0.0458,2.59315490723,0.111447924024,2.34642028809,-0.132153536771
0.0459,2.57942199707,0.097715013868,2.37693786621,-0.101635958646
0.046,2.52449035645,0.042783373243,2.44705200195,-0.0315218229037
0.0461,2.44819641113,-0.0335105720695,2.52487182617,0.0462980013151
0.0462,2.39784240723,-0.0838645759758,2.58888244629,0.110308621432
0.0463,2.37487792969,-0.106829053515,2.59651184082,0.117938015964
0.0464,2.39631652832,-0.085390454882,2.57362365723,0.0950498323698
0.0465,2.44819641113,-0.0335105720695,2.50503540039,0.0264615755338
0.0466,2.51686096191,0.0351539787117,2.43179321289,-0.0467806119662
0.0467,2.57179260254,0.0900856193367,2.36625671387,-0.11231711099
0.0468,2.59925842285,0.117551439649,2.3494720459,-0.129101778958
0.0469,2.57331848145,0.091611498243,2.37991333008,-0.0986604947787
0.047,2.51075744629,0.0290504630867,2.45162963867,-0.0269441861849
0.0471,2.44361877441,-0.0380882087883,2.53555297852,0.0569791536588
0.0472,2.38563537598,-0.0960716072258,2.59956359863,0.120989773776
0.0473,2.37030029297,-0.111406690234,2.60414123535,0.125567410495
0.0474,2.39631652832,-0.085390454882,2.56294250488,0.084368680026
0.0475,2.45735168457,-0.024355298632,2.49282836914,0.0142545442838
0.0476,2.52601623535,0.0443092521492,2.41653442383,-0.0620394010287
0.0477,2.57179260254,0.0900856193367,2.36320495605,-0.115368868802
0.0478,2.59620666504,0.114499681837,2.3494720459,-0.129101778958
0.0479,2.55805969238,0.0763527091805,2.39059448242,-0.0879793424349
0.048,2.50007629395,0.018369310743,2.47299194336,-0.00558188149741
0.0481,2.42988586426,-0.0518211189445,2.55226135254,0.0736875276823
0.0482,2.37800598145,-0.103701001757,2.60108947754,0.122515652682
0.0483,2.37182617188,-0.109880811327,2.60261535645,0.124041531589
0.0484,2.40699768066,-0.0747093025383,2.55378723145,0.0752134065885
0.0485,2.46650695801,-0.0152000251945,2.47299194336,-0.00558188149741
0.0486,2.53974914551,0.0580421623055,2.40585327148,-0.0727205533724
0.0487,2.58247375488,0.10076677168,2.35862731934,-0.119946505521
0.0488,2.59620666504,0.114499681837,2.35710144043,-0.121472384427
0.0489,2.55500793457,0.073300951368,2.40127563477,-0.0772981900912
0.049,2.48481750488,0.00311052168047,2.48825073242,0.00967690756509
0.0491,2.4146270752,-0.067079908007,2.56294250488,0.084368680026
0.0492,2.37487792969,-0.106829053515,2.61024475098,0.13167092612
0.0493,2.37487792969,-0.106829053515,2.61024475098,0.13167092612
0.0494,2.41004943848,-0.0716575447258,2.55531311035,0.0767392854948
0.0495,2.47261047363,-0.00909650956953,2.47909545898,0.000521634127591
0.0496,2.54127502441,0.0595680412117,2.39517211914,-0.0834017057162
0.0497,2.5855255127,0.103818529493,2.35710144043,-0.121472384427
0.0498,2.59010314941,0.108396166212,2.36473083496,-0.113842989896
0.0499,2.5382232666,0.0565162833992,2.41653442383,-0.0620394010287
0.05,2.46955871582,-0.012148267382,2.49893188477,0.0203580599088
0.0501,2.40547180176,-0.0762351814445,2.57362365723,0.0950498323698
0.0502,2.36724853516,-0.114458448046,2.61024475098,0.13167092612
0.0503,2.37487792969,-0.106829053515,2.59803771973,0.11946389487
0.0504,2.41767883301,-0.0640281501945,2.53707885742,0.0585050325651
0.0505,2.49244689941,0.0107399162117,2.4592590332,-0.0193147916537
0.0506,2.55958557129,0.0778785880867,2.38143920898,-0.0971346158724
0.0507,2.59315490723,0.111447924024,2.34336853027,-0.135205294583
0.0508,2.5870513916,0.105344408399,2.36320495605,-0.115368868802
0.0509,2.5382232666,0.0565162833992,2.4333190918,-0.0452547330599
0.051,2.46192932129,-0.0197776619133,2.51724243164,0.0386686067838
0.0511,2.40242004395,-0.079286939257,2.57820129395,0.0996274690885
0.0512,2.37182617188,-0.109880811327,2.61329650879,0.134722683932
0.0513,2.38105773926,-0.100649243945,2.58430480957,0.105730984714
0.0514,2.42988586426,-0.0518211189445,2.53402709961,0.0554532747526
0.0515,2.50160217285,0.0198951896492,2.44857788086,-0.0299959439974
0.0516,2.55958557129,0.0778785880867,2.37991333008,-0.0986604947787
0.0517,2.59010314941,0.108396166212,2.3509979248,-0.127575900052
0.0518,2.58399963379,0.102292650587,2.37838745117,-0.100186373685
0.0519,2.51991271973,0.0382057365242,2.44094848633,-0.0376253385287
0.052,2.44972229004,-0.0319846931633,2.52639770508,0.0478238802213
0.0521,2.3917388916,-0.0899680916008,2.58735656738,0.108782742526
0.0522,2.37030029297,-0.111406690234,2.61329650879,0.134722683932
0.0523,2.3902130127,-0.091493970507,2.58277893066,0.104205105807
0.0524,2.4390411377,-0.042665845507,2.51876831055,0.0401944856901
0.0525,2.50923156738,0.0275245841805,2.43942260742,-0.0391512174349
0.0526,2.57026672363,0.0885597404305,2.37236022949,-0.106213595365
0.0527,2.59620666504,0.114499681837,2.34336853027,-0.135205294583
0.0528,2.57637023926,0.0946632560555,2.38143920898,-0.0971346158724
0.0529,2.50923156738,0.0275245841805,2.45620727539,-0.0223665494662
0.053,2.4390411377,-0.042665845507,2.54165649414,0.0630826692838
0.0531,2.38410949707,-0.097597486132,2.60261535645,0.124041531589
0.0532,2.36419677734,-0.117510205859,2.61177062988,0.133196805026
0.0533,2.39326477051,-0.0884422126945,2.56446838379,0.0858945589323
0.0534,2.45735168457,-0.024355298632,2.50350952148,0.0249356966276
0.0535,2.52601623535,0.0443092521492,2.41958618164,-0.0589876432162
0.0536,2.57942199707,0.097715013868,2.35862731934,-0.119946505521
0.0537,2.59620666504,0.114499681837,2.34489440918,-0.133679415677
0.0538,2.56874084473,0.0870338615242,2.39212036133,-0.0864534635287
0.0539,2.49855041504,0.0168434318367,2.47451782227,-0.00405600259116
0.054,2.42530822754,-0.0563987556633,2.55073547363,0.072161648776
0.0541,2.37648010254,-0.105226880663,2.60719299316,0.128619168307
0.0542,2.37335205078,-0.108354932421,2.60261535645,0.124041531589
0.0543,2.40394592285,-0.0777610603508,2.55836486816,0.0797910433073
0.0544,2.46650695801,-0.0152000251945,2.48977661133,0.0112027864713
0.0545,2.5382232666,0.0565162833992,2.41653442383,-0.0620394010287
0.0546,2.5855255127,0.103818529493,2.35710144043,-0.121472384427
0.0547,2.59315490723,0.111447924024,2.35862731934,-0.119946505521
0.0548,2.55500793457,0.073300951368,2.4089050293,-0.0696687955599
0.0549,2.48176574707,5.87638679681E-05,2.48977661133,0.0112027864713
0.055,2.41767883301,-0.0640281501945,2.56446838379,0.0858945589323
0.0551,2.38105773926,-0.100649243945,2.60414123535,0.125567410495
0.0552,2.37487792969,-0.106829053515,2.60261535645,0.124041531589
0.0553,2.41310119629,-0.0686057869133,2.55226135254,0.0736875276823
0.0554,2.47718811035,-0.00451887285078,2.47451782227,-0.00405600259116
0.0555,2.54432678223,0.0626197990242,2.39364624023,-0.0849275846224
0.0556,2.5855255127,0.103818529493,2.35557556152,-0.122998263333
0.0557,2.59162902832,0.109922045118,2.36320495605,-0.115368868802
0.0558,2.54127502441,0.0595680412117,2.42416381836,-0.0544100064974
0.0559,2.47108459473,-0.0106223884758,2.50198364258,0.0234098177213
0.056,2.40089416504,-0.0808128181633,2.58735656738,0.108782742526
0.0561,2.36724853516,-0.114458448046,2.61177062988,0.133196805026
0.0562,2.37648010254,-0.105226880663,2.59956359863,0.120989773776
0.0563,2.42530822754,-0.0563987556633,2.54165649414,0.0630826692838
0.0564,2.49244689941,0.0107399162117,2.45468139648,-0.0238924283724
0.0565,2.55653381348,0.0748268302742,2.3860168457,-0.0925569791537
0.0566,2.59773254395,0.116025560743,2.34794616699,-0.130627657865
0.0567,2.57942199707,0.097715013868,2.36320495605,-0.115368868802
0.0568,2.53517150879,0.0534645255867,2.4348449707,-0.0437288541537
0.0569,2.45887756348,-0.0228294197258,2.52029418945,0.0417203645963
0.057,2.39326477051,-0.0884422126945,2.58888244629,0.110308621432
0.0571,2.36572265625,-0.115984326952,2.61177062988,0.133196805026
0.0572,2.38410949707,-0.097597486132,2.58735656738,0.108782742526
0.0573,2.43751525879,-0.0441917244133,2.52182006836,0.0432462435026
0.0574,2.50770568848,0.0259987052742,2.44247436523,-0.0360994596224
0.0575,2.56568908691,0.0839821037117,2.3754119873,-0.103161837552
0.0576,2.59620666504,0.114499681837,2.34336853027,-0.135205294583
0.0577,2.57789611816,0.0961891349617,2.38296508789,-0.0956087369662
0.0578,2.5138092041,0.0321022208992,2.45010375977,-0.0284700650912
0.0579,2.44514465332,-0.036562329882,2.54013061523,0.0615567903776
0.058,2.37953186035,-0.102175122851,2.60108947754,0.122515652682
0.0581,2.36877441406,-0.11293256914,2.61024475098,0.13167092612
0.0582,2.39936828613,-0.0823386970695,2.57209777832,0.0935239534635
0.0583,2.44667053223,-0.0350364509758,2.50350952148,0.0249356966276
0.0584,2.51991271973,0.0382057365242,2.42263793945,-0.0559358854037
0.0585,2.57789611816,0.0961891349617,2.36473083496,-0.113842989896
0.0586,2.59620666504,0.114499681837,2.34794616699,-0.130627657865
0.0587,2.57179260254,0.0900856193367,2.38906860352,-0.0895052213412
0.0588,2.50923156738,0.0275245841805,2.46231079102,-0.0162630338412
0.0589,2.43293762207,-0.048769361132,2.55073547363,0.072161648776
0.059,2.37800598145,-0.103701001757,2.59803771973,0.11946389487
0.0591,2.37182617188,-0.109880811327,2.60871887207,0.130145047214
0.0592,2.40089416504,-0.0808128181633,2.56446838379,0.0858945589323
0.0593,2.46650695801,-0.0152000251945,2.48672485352,0.00815102865884
0.0594,2.53364562988,0.0519386466805,2.40737915039,-0.0711946744662
0.0595,2.58094787598,0.0992408927742,2.36015319824,-0.118420626615
0.0596,2.59468078613,0.11297380293,2.34489440918,-0.133679415677
0.0597,2.56721496582,0.085507982618,2.39669799805,-0.0818758268099
0.0598,2.49549865723,0.0137916740242,2.47909545898,0.000521634127591
0.0599,2.41767883301,-0.0640281501945,2.55378723145,0.0752134065885
0.06,2.37953186035,-0.102175122851,2.60566711426,0.127093289401
0.0601,2.37335205078,-0.108354932421,2.59956359863,0.120989773776
0.0602,2.41920471191,-0.0625022712883,2.55378723145,0.0752134065885
0.0603,2.47413635254,-0.00757063066328,2.47299194336,-0.00558188149741
0.0604,2.54585266113,0.0641456779305,2.39822387695,-0.0803499479037
0.0605,2.5870513916,0.105344408399,2.3509979248,-0.127575900052
0.0606,2.59468078613,0.11297380293,2.35710144043,-0.121472384427
0.0607,2.55805969238,0.0763527091805,2.4104309082,-0.0681429166537
0.0608,2.47871398926,-0.00299299394453,2.49282836914,0.0142545442838
0.0609,2.4146270752,-0.067079908007,2.5675201416,0.0889463167448
0.061,2.37030029297,-0.111406690234,2.60871887207,0.130145047214
0.0611,2.37648010254,-0.105226880663,2.59498596191,0.116412137057
0.0612,2.42378234863,-0.0579246345695,2.53707885742,0.0585050325651
0.0613,2.48481750488,0.00311052168047,2.4592590332,-0.0193147916537
0.0614,2.55043029785,0.0687233146492,2.38143920898,-0.0971346158724
0.0615,2.59773254395,0.116025560743,2.3509979248,-0.127575900052
0.0616,2.5870513916,0.105344408399,2.35710144043,-0.121472384427
0.0617,2.54737854004,0.0656715568367,2.41653442383,-0.0620394010287
0.0618,2.47108459473,-0.0106223884758,2.50198364258,0.0234098177213
0.0619,2.40699768066,-0.0747093025383,2.57209777832,0.0935239534635
0.062,2.37182617188,-0.109880811327,2.60566711426,0.127093289401
0.0621,2.38868713379,-0.0930198494133,2.57972717285,0.101153347995
0.0622,2.42988586426,-0.0518211189445,2.52334594727,0.0447721224088
0.0623,2.50007629395,0.018369310743,2.44400024414,-0.0345735807162
0.0624,2.56416320801,0.0824562248055,2.3754119873,-0.103161837552
0.0625,2.59925842285,0.117551439649,2.33726501465,-0.141308810208
0.0626,2.5870513916,0.105344408399,2.36625671387,-0.11231711099
0.0627,2.53059387207,0.048886888868,2.4348449707,-0.0437288541537
0.0628,2.45887756348,-0.0228294197258,2.51724243164,0.0386686067838
0.0629,2.39784240723,-0.0838645759758,2.58430480957,0.105730984714
0.063,2.36724853516,-0.114458448046,2.60871887207,0.130145047214
0.0631,2.3917388916,-0.0899680916008,2.57209777832,0.0935239534635
0.0632,2.44514465332,-0.036562329882,2.52029418945,0.0417203645963
0.0633,2.51075744629,0.0290504630867,2.43026733398,-0.0483064908724
0.0634,2.57331848145,0.091611498243,2.3754119873,-0.103161837552
0.0635,2.60231018066,0.120603197462,2.34794616699,-0.130627657865
0.0636,2.57789611816,0.0961891349617,2.3754119873,-0.103161837552
0.0637,2.52296447754,0.0412574943367,2.44857788086,-0.0299959439974
0.0638,2.45124816895,-0.030458814257,2.52639770508,0.0478238802213
0.0639,2.3902130127,-0.091493970507,2.5904083252,0.111834500339
0.064,2.37335205078,-0.108354932421,2.60261535645,0.124041531589
0.0641,2.39326477051,-0.0884422126945,2.57362365723,0.0950498323698
0.0642,2.45582580566,-0.0258811775383,2.50045776367,0.0218839388151
0.0643,2.51991271973,0.0382057365242,2.42111206055,-0.0574617643099
0.0644,2.57637023926,0.0946632560555,2.35710144043,-0.121472384427
0.0645,2.59773254395,0.116025560743,2.3509979248,-0.127575900052
0.0646,2.57179260254,0.0900856193367,2.37991333008,-0.0986604947787
0.0647,2.50617980957,0.024472826368,2.46383666992,-0.0147371549349
0.0648,2.43598937988,-0.0457176033195,2.54470825195,0.0661344270963
0.0649,2.38105773926,-0.100649243945,2.59346008301,0.114886258151
0.065,2.37335205078,-0.108354932421,2.60108947754,0.122515652682
0.0651,2.40547180176,-0.0762351814445,2.55836486816,0.0797910433073
0.0652,2.45735168457,-0.024355298632,2.48519897461,0.00662514975259
0.0653,2.53059387207,0.048886888868,2.4089050293,-0.0696687955599
0.0654,2.57637023926,0.0946632560555,2.35710144043,-0.121472384427
0.0655,2.59162902832,0.109922045118,2.35252380371,-0.126050021146
0.0656,2.56416320801,0.0824562248055,2.38754272461,-0.0910311002474
0.0657,2.50007629395,0.018369310743,2.46994018555,-0.00863363930991
0.0658,2.42835998535,-0.0533469978508,2.55531311035,0.0767392854948
0.0659,2.37953186035,-0.102175122851,2.60414123535,0.125567410495
0.066,2.37487792969,-0.106829053515,2.59803771973,0.11946389487
0.0661,2.41310119629,-0.0686057869133,2.55531311035,0.0767392854948
0.0662,2.47108459473,-0.0106223884758,2.47299194336,-0.00558188149741
0.0663,2.54432678223,0.0626197990242,2.39974975586,-0.0788240689974
0.0664,2.59162902832,0.109922045118,2.35710144043,-0.121472384427
0.0665,2.59315490723,0.111447924024,2.35557556152,-0.122998263333
0.0666,2.55195617676,0.0702491935555,2.40585327148,-0.0727205533724
0.0667,2.48176574707,5.87638679681E-05,2.48672485352,0.00815102865884
0.0668,2.42073059082,-0.060976392382,2.56446838379,0.0858945589323
0.0669,2.37648010254,-0.105226880663,2.59803771973,0.11946389487
0.067,2.37953186035,-0.102175122851,2.59498596191,0.116412137057
0.0671,2.42225646973,-0.0594505134758,2.54013061523,0.0615567903776
0.0672,2.48329162598,0.00158464277422,2.46231079102,-0.0162630338412
0.0673,2.54890441895,0.067197435743,2.39212036133,-0.0864534635287
0.0674,2.59010314941,0.108396166212,2.34642028809,-0.132153536771
0.0675,2.59468078613,0.11297380293,2.35404968262,-0.12452414224
0.0676,2.54585266113,0.0641456779305,2.41195678711,-0.0666170377474
0.0677,2.47718811035,-0.00451887285078,2.49130249023,0.0127286653776
0.0678,2.41157531738,-0.0701316658195,2.56446838379,0.0858945589323
0.0679,2.37335205078,-0.108354932421,2.60108947754,0.122515652682
0.068,2.38563537598,-0.0960716072258,2.58583068848,0.10725686362
0.0681,2.42988586426,-0.0518211189445,2.52944946289,0.0508756380338
0.0682,2.49549865723,0.0137916740242,2.45315551758,-0.0254183072787
0.0683,2.55958557129,0.0778785880867,2.37693786621,-0.101635958646
0.0684,2.59620666504,0.114499681837,2.35404968262,-0.12452414224
0.0685,2.5855255127,0.103818529493,2.36778259277,-0.110791232083
0.0686,2.5382232666,0.0565162833992,2.42568969727,-0.0528841275912
0.0687,2.4649810791,-0.0167259041008,2.51266479492,0.0340909700651
0.0688,2.39936828613,-0.0823386970695,2.58583068848,0.10725686362
0.0689,2.37487792969,-0.106829053515,2.60261535645,0.124041531589
0.069,2.38716125488,-0.0945457283195,2.58430480957,0.105730984714
0.0691,2.43751525879,-0.0441917244133,2.52334594727,0.0447721224088
0.0692,2.50617980957,0.024472826368,2.43789672852,-0.0406770963412
0.0693,2.56416320801,0.0824562248055,2.3754119873,-0.103161837552
0.0694,2.59773254395,0.116025560743,2.34336853027,-0.135205294583
0.0695,2.58094787598,0.0992408927742,2.37083435059,-0.107739474271
0.0696,2.52601623535,0.0443092521492,2.44400024414,-0.0345735807162
0.0697,2.44667053223,-0.0350364509758,2.52029418945,0.0417203645963
0.0698,2.39479064941,-0.0869163337883,2.58430480957,0.105730984714
0.0699,2.37030029297,-0.111406690234,2.60108947754,0.122515652682
0.07,2.3917388916,-0.0899680916008,2.57667541504,0.0981015901823
0.0701,2.44209289551,-0.0396140876945,2.50503540039,0.0264615755338
0.0702,2.51533508301,0.0336280998055,2.42568969727,-0.0528841275912
0.0703,2.56874084473,0.0870338615242,2.37236022949,-0.106213595365
0.0704,2.59162902832,0.109922045118,2.34794616699,-0.130627657865
0.0705,2.56721496582,0.085507982618,2.37236022949,-0.106213595365
0.0706,2.51838684082,0.036679857618,2.44705200195,-0.0315218229037
0.0707,2.44514465332,-0.036562329882,2.5309753418,0.0524015169401
0.0708,2.38716125488,-0.0945457283195,2.59803771973,0.11946389487
0.0709,2.37030029297,-0.111406690234,2.61024475098,0.13167092612
0.071,2.40089416504,-0.0808128181633,2.57209777832,0.0935239534635
0.0711,2.45429992676,-0.0274070564445,2.49740600586,0.0188321810026
0.0712,2.51991271973,0.0382057365242,2.42263793945,-0.0559358854037
0.0713,2.57942199707,0.097715013868,2.36625671387,-0.11231711099
0.0714,2.59315490723,0.111447924024,2.3509979248,-0.127575900052
0.0715,2.56721496582,0.085507982618,2.39212036133,-0.0864534635287
0.0716,2.50007629395,0.018369310743,2.46231079102,-0.0162630338412
0.0717,2.42988586426,-0.0518211189445,2.54013061523,0.0615567903776
0.0718,2.38258361816,-0.0991233650383,2.59956359863,0.120989773776
0.0719,2.37800598145,-0.103701001757,2.61024475098,0.13167092612
0.072,2.40089416504,-0.0808128181633,2.56141662598,0.0828428011198
0.0721,2.46650695801,-0.0152000251945,2.49130249023,0.0127286653776
0.0722,2.53211975098,0.0504127677742,2.4089050293,-0.0696687955599
0.0723,2.57484436035,0.0931373771492,2.36015319824,-0.118420626615
0.0724,2.59925842285,0.117551439649,2.3494720459,-0.129101778958
0.0725,2.5611114502,0.079404466993,2.39822387695,-0.0803499479037
0.0726,2.49702453613,0.0153175529305,2.47451782227,-0.00405600259116
0.0727,2.43141174316,-0.0502952400383,2.54623413086,0.0676603060026
0.0728,2.37800598145,-0.103701001757,2.5919342041,0.113360379245
0.0729,2.37487792969,-0.106829053515,2.59651184082,0.117938015964
0.073,2.40699768066,-0.0747093025383,2.54776000977,0.0691861849088
0.0731,2.46803283691,-0.0136741462883,2.47909545898,0.000521634127591
0.0732,2.53364562988,0.0519386466805,2.40127563477,-0.0772981900912
0.0733,2.5855255127,0.103818529493,2.35252380371,-0.126050021146
0.0734,2.59315490723,0.111447924024,2.34794616699,-0.130627657865
0.0735,2.55958557129,0.0778785880867,2.4104309082,-0.0681429166537
0.0736,2.48634338379,0.00463640058672,2.48672485352,0.00815102865884
0.0737,2.4161529541,-0.0655540291008,2.56446838379,0.0858945589323
0.0738,2.37335205078,-0.108354932421,2.60566711426,0.127093289401
0.0739,2.37800598145,-0.103701001757,2.59498596191,0.116412137057
0.074,2.41767883301,-0.0640281501945,2.54470825195,0.0661344270963
0.0741,2.48481750488,0.00311052168047,2.46536254883,-0.0132112760287
0.0742,2.54432678223,0.0626197990242,2.38754272461,-0.0910311002474
0.0743,2.59315490723,0.111447924024,2.35557556152,-0.122998263333
0.0744,2.59315490723,0.111447924024,2.35862731934,-0.119946505521
0.0745,2.53974914551,0.0580421623055,2.41806030273,-0.0605135221224
0.0746,2.47413635254,-0.00757063066328,2.49588012695,0.0173063020963
0.0747,2.41004943848,-0.0716575447258,2.5659942627,0.0874204378385
0.0748,2.37648010254,-0.105226880663,2.60108947754,0.122515652682
0.0749,2.38716125488,-0.0945457283195,2.58125305176,0.102679226901
0.075,2.42835998535,-0.0533469978508,2.5309753418,0.0524015169401
0.0751,2.49855041504,0.0168434318367,2.44705200195,-0.0315218229037
0.0752,2.55958557129,0.0778785880867,2.38143920898,-0.0971346158724
0.0753,2.59010314941,0.108396166212,2.35252380371,-0.126050021146
0.0754,2.5855255127,0.103818529493,2.36473083496,-0.113842989896
0.0755,2.54127502441,0.0595680412117,2.41958618164,-0.0589876432162
0.0756,2.46803283691,-0.0136741462883,2.5065612793,0.0279874544401
0.0757,2.39936828613,-0.0823386970695,2.57514953613,0.096575711276
0.0758,2.37030029297,-0.111406690234,2.59803771973,0.11946389487
0.0759,2.38716125488,-0.0945457283195,2.58277893066,0.104205105807
0.076,2.43293762207,-0.048769361132,2.52944946289,0.0508756380338
0.0761,2.50160217285,0.0198951896492,2.44400024414,-0.0345735807162
0.0762,2.5611114502,0.079404466993,2.37838745117,-0.100186373685
0.0763,2.59773254395,0.116025560743,2.34642028809,-0.132153536771
0.0764,2.58247375488,0.10076677168,2.36778259277,-0.110791232083
0.0765,2.53211975098,0.0504127677742,2.42874145508,-0.0498323697787
0.0766,2.45887756348,-0.0228294197258,2.52182006836,0.0432462435026
0.0767,2.39631652832,-0.085390454882,2.58888244629,0.110308621432
0.0768,2.37487792969,-0.106829053515,2.61177062988,0.133196805026
0.0769,2.3902130127,-0.091493970507,2.57972717285,0.101153347995
0.077,2.4405670166,-0.0411399666008,2.51571655273,0.0371427278776
0.0771,2.51075744629,0.0290504630867,2.43637084961,-0.0422029752474
0.0772,2.57484436035,0.0931373771492,2.37236022949,-0.106213595365
0.0773,2.60078430176,0.119077318555,2.34794616699,-0.130627657865
0.0774,2.57484436035,0.0931373771492,2.37838745117,-0.100186373685
0.0775,2.51686096191,0.0351539787117,2.44705200195,-0.0315218229037
0.0776,2.44514465332,-0.036562329882,2.52487182617,0.0462980013151
0.0777,2.38563537598,-0.0960716072258,2.58888244629,0.110308621432
0.0778,2.37182617188,-0.109880811327,2.60871887207,0.130145047214
0.0779,2.3917388916,-0.0899680916008,2.57972717285,0.101153347995
0.078,2.45124816895,-0.030458814257,2.5065612793,0.0279874544401
0.0781,2.52143859863,0.0397316154305,2.42111206055,-0.0574617643099
0.0782,2.58247375488,0.10076677168,2.35404968262,-0.12452414224
0.0783,2.59925842285,0.117551439649,2.34184265137,-0.13673117349
0.0784,2.57026672363,0.0885597404305,2.3754119873,-0.103161837552
0.0785,2.50312805176,0.0214210685555,2.4577331543,-0.0208406705599
0.0786,2.43446350098,-0.0472434822258,2.54623413086,0.0676603060026
0.0787,2.38258361816,-0.0991233650383,2.5919342041,0.113360379245
0.0788,2.37953186035,-0.102175122851,2.60108947754,0.122515652682
0.0789,2.40394592285,-0.0777610603508,2.56294250488,0.084368680026
0.079,2.46192932129,-0.0197776619133,2.48519897461,0.00662514975259
0.0791,2.52601623535,0.0443092521492,2.41195678711,-0.0666170377474
0.0792,2.5870513916,0.105344408399,2.35557556152,-0.122998263333
0.0793,2.60383605957,0.122129076368,2.3494720459,-0.129101778958
0.0794,2.56721496582,0.085507982618,2.38906860352,-0.0895052213412
0.0795,2.49549865723,0.0137916740242,2.47299194336,-0.00558188149741
0.0796,2.42683410645,-0.054872876757,2.55378723145,0.0752134065885
0.0797,2.37800598145,-0.103701001757,2.60261535645,0.124041531589
0.0798,2.37182617188,-0.109880811327,2.60719299316,0.128619168307
0.0799,2.40242004395,-0.079286939257,2.55989074707,0.0813169222135
0.08,2.47108459473,-0.0106223884758,2.48062133789,0.00204751303384
0.0801,2.5366973877,0.054990404493,2.40280151367,-0.0757723111849
0.0802,2.5870513916,0.105344408399,2.35252380371,-0.126050021146
0.0803,2.59315490723,0.111447924024,2.35252380371,-0.126050021146
0.0804,2.55805969238,0.0763527091805,2.40585327148,-0.0727205533724
0.0805,2.48634338379,0.00463640058672,2.48672485352,0.00815102865884
0.0806,2.41310119629,-0.0686057869133,2.56294250488,0.084368680026
0.0807,2.37800598145,-0.103701001757,2.59651184082,0.117938015964
0.0808,2.37648010254,-0.105226880663,2.59803771973,0.11946389487
0.0809,2.4161529541,-0.0655540291008,2.54623413086,0.0676603060026
0.081,2.48481750488,0.00311052168047,2.46078491211,-0.0177889127474
0.0811,2.54890441895,0.067197435743,2.39059448242,-0.0879793424349
0.0812,2.59315490723,0.111447924024,2.34489440918,-0.133679415677
0.0813,2.59315490723,0.111447924024,2.3494720459,-0.129101778958
0.0814,2.55195617676,0.0702491935555,2.40585327148,-0.0727205533724
0.0815,2.47566223145,-0.00604475175703,2.48977661133,0.0112027864713
0.0816,2.40852355957,-0.073183423632,2.57209777832,0.0935239534635
0.0817,2.37030029297,-0.111406690234,2.60414123535,0.125567410495
0.0818,2.37487792969,-0.106829053515,2.5904083252,0.111834500339
0.0819,2.42225646973,-0.0594505134758,2.54318237305,0.0646085481901
0.082,2.49244689941,0.0107399162117,2.45162963867,-0.0269441861849
0.0821,2.55958557129,0.0778785880867,2.3844909668,-0.0940828580599
0.0822,2.59315490723,0.111447924024,2.3494720459,-0.129101778958
0.0823,2.58857727051,0.106870287305,2.36320495605,-0.115368868802
0.0824,2.53974914551,0.0580421623055,2.42568969727,-0.0528841275912
0.0825,2.46040344238,-0.0213035408195,2.51724243164,0.0386686067838
0.0826,2.40547180176,-0.0762351814445,2.58277893066,0.104205105807
0.0827,2.37030029297,-0.111406690234,2.6148223877,0.136248562839
0.0828,2.38563537598,-0.0960716072258,2.58735656738,0.108782742526
0.0829,2.43141174316,-0.0502952400383,2.52792358398,0.0493497591276
0.083,2.50160217285,0.0198951896492,2.44857788086,-0.0299959439974
0.0831,2.56416320801,0.0824562248055,2.38296508789,-0.0956087369662
0.0832,2.59315490723,0.111447924024,2.34642028809,-0.132153536771
0.0833,2.58094787598,0.0992408927742,2.36625671387,-0.11231711099
0.0834,2.52754211426,0.0458351310555,2.43179321289,-0.0467806119662
0.0835,2.45582580566,-0.0258811775383,2.52029418945,0.0417203645963
0.0836,2.3902130127,-0.091493970507,2.58430480957,0.105730984714
0.0837,2.37182617188,-0.109880811327,2.60261535645,0.124041531589
0.0838,2.39326477051,-0.0884422126945,2.57820129395,0.0996274690885
0.0839,2.4405670166,-0.0411399666008,2.51419067383,0.0356168489713
0.084,2.51075744629,0.0290504630867,2.43637084961,-0.0422029752474
0.0841,2.56874084473,0.0870338615242,2.37083435059,-0.107739474271
0.0842,2.59162902832,0.109922045118,2.3494720459,-0.129101778958
0.0843,2.57789611816,0.0961891349617,2.3754119873,-0.103161837552
0.0844,2.52601623535,0.0443092521492,2.44552612305,-0.0330477018099
0.0845,2.44514465332,-0.036562329882,2.52792358398,0.0493497591276
0.0846,2.38868713379,-0.0930198494133,2.58735656738,0.108782742526
0.0847,2.37487792969,-0.106829053515,2.60719299316,0.128619168307
0.0848,2.40242004395,-0.079286939257,2.5675201416,0.0889463167448
0.0849,2.45277404785,-0.0289329353508,2.5065612793,0.0279874544401
0.085,2.5138092041,0.0321022208992,2.42721557617,-0.0513582486849
0.0851,2.57026672363,0.0885597404305,2.37083435059,-0.107739474271
0.0852,2.59315490723,0.111447924024,2.35252380371,-0.126050021146
0.0853,2.57179260254,0.0900856193367,2.3844909668,-0.0940828580599
0.0854,2.50923156738,0.0275245841805,2.4577331543,-0.0208406705599
0.0855,2.44361877441,-0.0380882087883,2.54165649414,0.0630826692838
0.0856,2.38868713379,-0.0930198494133,2.59651184082,0.117938015964
0.0857,2.38105773926,-0.100649243945,2.60108947754,0.122515652682
0.0858,2.39936828613,-0.0823386970695,2.56446838379,0.0858945589323
0.0859,2.45429992676,-0.0274070564445,2.50350952148,0.0249356966276
0.086,2.51991271973,0.0382057365242,2.42111206055,-0.0574617643099
0.0861,2.57637023926,0.0946632560555,2.36778259277,-0.110791232083
0.0862,2.59315490723,0.111447924024,2.35404968262,-0.12452414224
0.0863,2.56568908691,0.0839821037117,2.3844909668,-0.0940828580599
0.0864,2.50007629395,0.018369310743,2.46231079102,-0.0162630338412
0.0865,2.42988586426,-0.0518211189445,2.54165649414,0.0630826692838
0.0866,2.38563537598,-0.0960716072258,2.5919342041,0.113360379245
0.0867,2.37648010254,-0.105226880663,2.59803771973,0.11946389487
0.0868,2.40242004395,-0.079286939257,2.55378723145,0.0752134065885
0.0869,2.45887756348,-0.0228294197258,2.48672485352,0.00815102865884
0.087,2.52296447754,0.0412574943367,2.41958618164,-0.0589876432162
0.0871,2.57331848145,0.091611498243,2.35862731934,-0.119946505521
0.0872,2.5855255127,0.103818529493,2.35252380371,-0.126050021146
0.0873,2.5611114502,0.079404466993,2.39669799805,-0.0818758268099
0.0874,2.49092102051,0.00921403730547,2.47604370117,-0.00253012368491
0.0875,2.42225646973,-0.0594505134758,2.55683898926,0.078265164401
0.0876,2.38105773926,-0.100649243945,2.59956359863,0.120989773776
0.0877,2.37648010254,-0.105226880663,2.59956359863,0.120989773776
0.0878,2.40699768066,-0.0747093025383,2.54776000977,0.0691861849088
0.0879,2.47108459473,-0.0106223884758,2.48519897461,0.00662514975259
0.088,2.53364562988,0.0519386466805,2.41195678711,-0.0666170377474
0.0881,2.57789611816,0.0961891349617,2.36167907715,-0.116894747708
0.0882,2.5855255127,0.103818529493,2.36320495605,-0.115368868802
0.0883,2.55348205566,0.0717750724617,2.4104309082,-0.0681429166537
0.0884,2.48329162598,0.00158464277422,2.48977661133,0.0112027864713
0.0885,2.41767883301,-0.0640281501945,2.5675201416,0.0889463167448
0.0886,2.37800598145,-0.103701001757,2.60566711426,0.127093289401
0.0887,2.37953186035,-0.102175122851,2.59346008301,0.114886258151
0.0888,2.4146270752,-0.067079908007,2.54776000977,0.0691861849088
0.0889,2.47566223145,-0.00604475175703,2.47146606445,-0.00710776040366
0.089,2.53517150879,0.0534645255867,2.40432739258,-0.0742464322787
0.0891,2.57637023926,0.0946632560555,2.36625671387,-0.11231711099
0.0892,2.58399963379,0.102292650587,2.36167907715,-0.116894747708
0.0893,2.54280090332,0.061093920118,2.41195678711,-0.0666170377474
0.0894,2.47718811035,-0.00451887285078,2.49282836914,0.0142545442838
0.0895,2.41004943848,-0.0716575447258,2.5659942627,0.0874204378385
0.0896,2.37487792969,-0.106829053515,2.60261535645,0.124041531589
0.0897,2.38105773926,-0.100649243945,2.5904083252,0.111834500339
0.0898,2.4161529541,-0.0655540291008,2.53860473633,0.0600309114713
0.0899,2.47566223145,-0.00604475175703,2.46841430664,-0.0101595182162
0.09,2.5366973877,0.054990404493,2.40280151367,-0.0757723111849
0.0901,2.58247375488,0.10076677168,2.36320495605,-0.115368868802
0.0902,2.58857727051,0.106870287305,2.37236022949,-0.106213595365
0.0903,2.5366973877,0.054990404493,2.42874145508,-0.0498323697787
0.0904,2.46955871582,-0.012148267382,2.5065612793,0.0279874544401
0.0905,2.40547180176,-0.0762351814445,2.57667541504,0.0981015901823
0.0906,2.37487792969,-0.106829053515,2.60871887207,0.130145047214
0.0907,2.38410949707,-0.097597486132,2.58888244629,0.110308621432
0.0908,2.42835998535,-0.0533469978508,2.53402709961,0.0554532747526
0.0909,2.49092102051,0.00921403730547,2.4577331543,-0.0208406705599
0.091,2.55195617676,0.0702491935555,2.39364624023,-0.0849275846224
0.0911,2.5870513916,0.105344408399,2.36320495605,-0.115368868802
0.0912,2.57789611816,0.0961891349617,2.37083435059,-0.107739474271
0.0913,2.5366973877,0.054990404493,2.42874145508,-0.0498323697787
0.0914,2.46040344238,-0.0213035408195,2.51724243164,0.0386686067838
0.0915,2.40699768066,-0.0747093025383,2.57820129395,0.0996274690885
0.0916,2.37487792969,-0.106829053515,2.60871887207,0.130145047214
0.0917,2.38868713379,-0.0930198494133,2.58430480957,0.105730984714
0.0918,2.43141174316,-0.0502952400383,2.5325012207,0.0539273958463
0.0919,2.49397277832,0.012265795118,2.45010375977,-0.0284700650912
0.092,2.55348205566,0.0717750724617,2.37991333008,-0.0986604947787
0.0921,2.59010314941,0.108396166212,2.35710144043,-0.121472384427
0.0922,2.57942199707,0.097715013868,2.3754119873,-0.103161837552
0.0923,2.52143859863,0.0397316154305,2.44247436523,-0.0360994596224
0.0924,2.45277404785,-0.0289329353508,2.52029418945,0.0417203645963
0.0925,2.39479064941,-0.0869163337883,2.58125305176,0.102679226901
0.0926,2.37030029297,-0.111406690234,2.60566711426,0.127093289401
0.0927,2.39326477051,-0.0884422126945,2.57362365723,0.0950498323698
0.0928,2.44361877441,-0.0380882087883,2.51266479492,0.0340909700651
0.0929,2.50465393066,0.0229469474617,2.43942260742,-0.0391512174349
0.093,2.55805969238,0.0763527091805,2.3738861084,-0.104687716458
0.0931,2.58857727051,0.106870287305,2.35557556152,-0.122998263333
0.0932,2.57484436035,0.0931373771492,2.37693786621,-0.101635958646
0.0933,2.52296447754,0.0412574943367,2.45315551758,-0.0254183072787
0.0934,2.44667053223,-0.0350364509758,2.52487182617,0.0462980013151
0.0935,2.38868713379,-0.0930198494133,2.5904083252,0.111834500339
0.0936,2.37335205078,-0.108354932421,2.60566711426,0.127093289401
0.0937,2.39936828613,-0.0823386970695,2.56294250488,0.084368680026
0.0938,2.45124816895,-0.030458814257,2.50503540039,0.0264615755338
0.0939,2.51686096191,0.0351539787117,2.42416381836,-0.0544100064974
0.094,2.56874084473,0.0870338615242,2.3754119873,-0.103161837552
0.0941,2.59010314941,0.108396166212,2.35252380371,-0.126050021146
0.0942,2.56416320801,0.0824562248055,2.3844909668,-0.0940828580599
0.0943,2.51075744629,0.0290504630867,2.45620727539,-0.0223665494662
0.0944,2.44514465332,-0.036562329882,2.53555297852,0.0569791536588
0.0945,2.3917388916,-0.0899680916008,2.5919342041,0.113360379245
0.0946,2.37487792969,-0.106829053515,2.59956359863,0.120989773776
0.0947,2.40394592285,-0.0777610603508,2.5659942627,0.0874204378385
0.0948,2.45735168457,-0.024355298632,2.49588012695,0.0173063020963
0.0949,2.52296447754,0.0412574943367,2.42111206055,-0.0574617643099
0.095,2.57331848145,0.091611498243,2.36625671387,-0.11231711099
0.0951,2.59315490723,0.111447924024,2.35404968262,-0.12452414224
0.0952,2.56874084473,0.0870338615242,2.38143920898,-0.0971346158724
0.0953,2.50770568848,0.0259987052742,2.4592590332,-0.0193147916537
0.0954,2.4405670166,-0.0411399666008,2.54318237305,0.0646085481901
0.0955,2.38716125488,-0.0945457283195,2.59498596191,0.116412137057
0.0956,2.38105773926,-0.100649243945,2.59498596191,0.116412137057
0.0957,2.40394592285,-0.0777610603508,2.55226135254,0.0736875276823
0.0958,2.46650695801,-0.0152000251945,2.48519897461,0.00662514975259
0.0959,2.53517150879,0.0534645255867,2.4089050293,-0.0696687955599
0.096,2.57942199707,0.097715013868,2.36320495605,-0.115368868802
0.0961,2.59162902832,0.109922045118,2.35252380371,-0.126050021146
0.0962,2.56416320801,0.0824562248055,2.40127563477,-0.0772981900912
0.0963,2.49549865723,0.0137916740242,2.47451782227,-0.00405600259116
0.0964,2.42530822754,-0.0563987556633,2.55226135254,0.0736875276823
0.0965,2.38410949707,-0.097597486132,2.59803771973,0.11946389487
0.0966,2.38105773926,-0.100649243945,2.59346008301,0.114886258151
0.0967,2.42225646973,-0.0594505134758,2.54928588867,0.0707120638151
0.0968,2.48176574707,5.87638679681E-05,2.46841430664,-0.0101595182162
0.0969,2.54432678223,0.0626197990242,2.40280151367,-0.0757723111849
0.097,2.5855255127,0.103818529493,2.35557556152,-0.122998263333
0.0971,2.59315490723,0.111447924024,2.3494720459,-0.129101778958
0.0972,2.55043029785,0.0687233146492,2.40127563477,-0.0772981900912
0.0973,2.48634338379,0.00463640058672,2.48672485352,0.00815102865884
0.0974,2.42225646973,-0.0594505134758,2.55683898926,0.078265164401
0.0975,2.38258361816,-0.0991233650383,2.5904083252,0.111834500339
0.0976,2.38105773926,-0.100649243945,2.58277893066,0.104205105807
0.0977,2.42530822754,-0.0563987556633,2.5309753418,0.0524015169401
0.0978,2.48481750488,0.00311052168047,2.46231079102,-0.0162630338412
0.0979,2.55195617676,0.0702491935555,2.3860168457,-0.0925569791537
0.098,2.5855255127,0.103818529493,2.34794616699,-0.130627657865
0.0981,2.59010314941,0.108396166212,2.36015319824,-0.118420626615
0.0982,2.53974914551,0.0580421623055,2.4089050293,-0.0696687955599
0.0983,2.47566223145,-0.00604475175703,2.49282836914,0.0142545442838
0.0984,2.41310119629,-0.0686057869133,2.55989074707,0.0813169222135
0.0985,2.38410949707,-0.097597486132,2.59346008301,0.114886258151
0.0986,2.38410949707,-0.097597486132,2.58888244629,0.110308621432
0.0987,2.43446350098,-0.0472434822258,2.52639770508,0.0478238802213
0.0988,2.49397277832,0.012265795118,2.45620727539,-0.0223665494662
0.0989,2.55195617676,0.0702491935555,2.39517211914,-0.0834017057162
0.099,2.59315490723,0.111447924024,2.35404968262,-0.12452414224
0.0991,2.5855255127,0.103818529493,2.36778259277,-0.110791232083
0.0992,2.53517150879,0.0534645255867,2.42416381836,-0.0544100064974
0.0993,2.47261047363,-0.00909650956953,2.50198364258,0.0234098177213
0.0994,2.41310119629,-0.0686057869133,2.57667541504,0.0981015901823
0.0995,2.37953186035,-0.102175122851,2.59651184082,0.117938015964
0.0996,2.38868713379,-0.0930198494133,2.58125305176,0.102679226901
0.0997,2.43751525879,-0.0441917244133,2.51571655273,0.0371427278776
0.0998,2.49702453613,0.0153175529305,2.44400024414,-0.0345735807162
0.0999,2.55500793457,0.073300951368,2.3754119873,-0.103161837552
0.1,2.59010314941,0.108396166212,2.3494720459,-0.129101778958
